B-Bc,data
0.004389902937500079,231.147
0.0081867779375,140.179
0.013882090437499883,89.0754
0.02242505918749993,58.2397
0.03523951231250022,38.9356
