Bcs,scale_factors
3.6799119729375,1.0
3.6837088479375,2.78
3.6894041604375,6.84
3.6979471291875,16.0
3.7107615823125,34.0
