B-Bc,avg_masses
0.004389902937500079,4316.56
0.0081867779375,1609.39
0.013882090437499883,661.717
0.02242505918749993,291.716
0.03523951231250022,136.771
