Time,B value
4760000.0,4.0502856
4787000.0,4.0502856
